x,y
0.49952306,-0.8660254037844386
0.4964109894643099,-0.8868080987577784
0.4918290735961006,-0.9079137344087951
0.485739118005348,-0.9292752719395775
0.47810788339381727,-0.9508222630539004
0.46890723844862786,-0.9724811067995695
0.45811429649137136,-0.9941753300507074
0.44571153673050484,-1.0158258893261165
0.43168691015519567,-1.0373514919919646
0.4160339293811661,-1.05866893508229
0.39875174115715956,-1.0796934599951222
0.3798451797956771,-1.100339121206055
0.35932479952190094,-1.1205191669156545
0.3372068836463027,-1.140146429248689
0.313513428554565,-1.15913372129039
0.2882721007590985,-1.1773942379156244
0.2615161656479636,-1.1948419570756357
0.23328438707168822,-1.211392037983784
0.20362089749415244,-1.2269612125100302
0.17257503906551352,-1.241468166070108
0.14020117661735035,-1.254833904387718
0.10655848419823363,-1.2669821027168868
0.071710707330312,-1.2778394344292452
0.035725903647682605,-1.2873358762829272
-0.001323835044906671,-1.2954049881760301
-0.039362675992004076,-1.3019841657243256
-0.07831135054312702,-1.3070148645646067
-0.11808746757780905,-1.3104427958462364
-0.1586058319200992,-1.3122180929106844
-0.19977876454502372,-1.312295449651998
-0.24151642164039655,-1.3106342314845516
-0.28372710990707106,-1.307198560207285
-0.32631759583916337,-1.3019573743401316
-0.36919340710371196,-1.2948844667172386
-0.41225912451937824,-1.2859585012556694
-0.4554186635015082,-1.2751630108834255
-0.49857554418459904,-1.262486378614999
-0.5416331497445326,-1.2479218037157462
-0.5844949727164521,-1.2314672548082148
-0.6270648493371487,-1.2131254116540873
-0.6692471821328544,-1.192903597203977
-0.7109471511257344,-1.170813701352248
-0.7520709141478,-1.1468720976725426
-0.7925257968329567,-1.121099554247696
-0.8322204729104825,-1.0935211395498812
-0.8710651354506392,-1.064166124176673
-0.9089716597194916,-1.033067879108711
-0.9458537582893158,-1.0002637710263702
-0.9816271290268025,-0.9657950551071443
-1.01620959654679,-0.929706765622581
-1.0495212476772884,-0.8920476045634029
-1.081484561434368,-0.8528698284433811
-1.1120245339550534,-0.8122291333659116
-1.1410687987842043,-0.7701845383812013
-1.1685477428587212,-0.7267982671156032
-1.1943946184802234,-0.682135627617024
-1.2185456515163011,-0.6362648903305446
-1.2409401460210627,-0.589257164095616
-1.2615205854183082,-0.5411862700396062
-1.2802327303455097,-0.4921286132313887
-1.29702571321397,-0.44216305195242955
-1.3118521295001508,-0.39137076444089364
-1.324668125745199,-0.33983511296616936
-1.335433484204159,-0.28764150509648345
-1.3441117040531818,-0.23487725203058396
-1.3506700790322093,-0.18163142387550946
-1.3550797713720573,-0.12799470176597377
-1.3573158818285271,-0.07405922673665653
-1.3573575156221072,-0.019918445276508275
-1.3551878440599687,0.03433304848611079
-1.3507941615973202,0.08859967399719074
-1.344167938077767,0.14278502889641254
-1.3353048658771618,0.1967920570242336
-1.324204901662564,0.2505232197730247
-1.3108723024673912,0.30388067071150343
-1.295315655775711,0.3567664333835751
-1.2775479033029509,0.40908258215363424
-1.257586358157127,0.46073142594054844
-1.235452715064131,0.5116156946521088
-1.21117305334266,0.5616387281008578
-1.1847778323191325,0.6107046671510908
-1.156301878880419,0.6587186468156642
-1.1257843668724594,0.7055869909902464
-1.0932687880658776,0.7512174084820357
-1.0588029144255018,0.7955191899599647
-1.0224387514392803,0.8384034054242577
-0.98423248228336,0.8797831017651354
-0.9442444026240511,0.9195734999537113
-0.9025388458839223,0.9576921913829367
-0.8591840988282787,0.9940593328530549
-0.8142523073596167,1.028597839674655
-0.7678193724412159,1.0612335763432816
-0.7199648361066242,1.0918955442228753
-0.6707717575492596,1.1205160656612716
-0.6203265793254844,1.1470309639497767
-0.568718983745097,1.1713797385306004
-0.5160417395649995,1.1935057348508493
-0.46239053914459594,1.213356308259959
-0.4078638262649646,1.2308829813490205
-0.35256261485775126,1.2460415941355014
-0.2965902989336814,1.2587924465054396
-0.24005245404426398,1.2691004323373292
-0.1830566306532918,1.2769351647476035
-0.12571213983691085,1.2822710919168674
-0.06812983177234078,1.2850876029788945
-0.010421867516303494,1.2853691234813216
0.04729851538384887,1.2831051999589864
0.10491724285812314,1.2782905732003584
0.16231964922127157,1.270925239838927
0.21939072631904954,1.2610145019717482
0.2760153761421914,1.2485690046060531
0.33207866606151065,1.2336047608717193
0.3874660857706142,1.2161431651185066
0.44206380498496145,1.196210994238714
0.49575893095631407,1.1738403978021499
0.548439764917902,1.1490688778387792
0.5999960566303941,1.1219392593509503
0.6503192561452444,1.0924996529379587
0.6993027615926987,1.060803411434629
0.7468421611129719,1.0269090834959167
0.7928354659805602,0.9908803689889445
0.8371833307487031,0.9527860842543998
0.8797892554006896,0.9127001499352637
0.9205597649974036,0.8707016197719052
0.959404565776984,0.8268747739671827
0.9962366857705809,0.7813093013276878
1.0309726267149457,0.7341005813707737
1.0635325865181753,0.6853500342664991
1.093840857172064,0.6351654090266536
1.121826544826124,0.5836607111000451
1.1474247475512056,0.5309552573502656
1.1705781809668134,0.4771712236194797
1.1912389066195812,0.4224292744660981
1.2093693883489147,0.36684265658746673
1.2249419020079062,0.3105113248441167
1.2379357196791436,0.25351847238724734
1.2483324395192223,0.1959313694934345
1.2561106759813971,0.13780702297483233
1.2612415089529054,0.07920316821297504
1.2636865348413457,0.020197501288289885
1.263402344466761,-0.03908548095009197
1.2603541373821332,-0.09846084660949561
1.2545301486969116,-0.15771039130796477
1.2459430968055463,-0.21663123625332553
1.2346204675238583,-0.27505880553075346
1.2205957003492436,-0.33285909900707106
1.2039048533121235,-0.3899134958914748
1.18458658509325,-0.4461088375565006
1.1626830423943748,-0.5013332158907965
1.1382406536561094,-0.5554748764701565
1.1113106308183742,-0.6084223875998617
1.0819492274343174,-0.6600651989261702
1.0502178336404648,-0.7102942517545587
1.0161829685896966,-0.7590025350883242
0.9799162084207301,-0.8060855675442928
0.9414940721971885,-0.851441812387903
0.9009978787957913,-0.8949730385477563
0.8585135823071948,-0.9365846392907422
0.8141315904733818,-0.9761859175331196
0.7679465689893203,-1.0136903442140128
0.7200572335493184,-1.0490157941679437
0.6705661309880429,-1.0820847624913557
0.6195794105688005,-1.1128245633900544
0.5672065863055491,-1.1411675128027945
0.5135602911134105,-1.1670510956271127
0.45875602353312456,-1.1904181180584887
0.4029118877496497,-1.2112168453449887
0.3461483276134154,-1.2294011251236692
0.28858785536838305,-1.2449304964196073
0.23035477579042177,-1.2577702843380474
0.17157490644037326,-1.2678916804542248
0.11237529473723912,-1.2752718088966595
0.052883932557390774,-1.2798937781230169
-0.006770530934909744,-1.2817467183994606
-0.06645907752235589,-1.2808258050122288
-0.126052608534971,-1.277132267262148
-0.18542223312124873,-1.270673383317649
-0.24443955550199906,-1.2614624610285727
-0.3029769605271612,-1.2495188048309613
-0.36090789686575614,-1.2348676689015559
-0.41810715717061336,-1.2175401967494623
-0.4744511545724607,-1.1975733474610741
-0.5298181948723562,-1.1750098088426024
-0.5840887438171931,-1.1498978977322691
-0.637145688860061,-1.1222914477811965
-0.6888745948255146,-1.0922496850281531
-0.7391639529192237,-1.0598370916184898
-0.7879054225419627,-1.0251232580417304
-0.8349940653893879,-0.9881827242853015
-0.8803285713414468,-0.9490948103237407
-0.9238114756685182,-0.907943436383363
-0.9653493671053827,-0.8648169334417615
-1.0048530863688434,-0.8198078444396262
-1.0422379147201302,-0.7730127166991881
-1.077423752199106,-0.7245318860590894
-1.1103352851836432,-0.6744692532496538
-1.1409021429543036,-0.6229320530453732
-1.169059042971563,-0.5700306167429262
-1.1947459246002095,-0.5158781285232151
-1.2179080710431434,-0.46059037626474764
-1.2384962192745648,-0.404285497383205
-1.2564666577903836,-0.34708372027824197
-1.2717813120215717,-0.2891071019734692
-1.2844078172840496,-0.23047926253918688
-1.2943195791664854,-0.17132511688978613
-1.3014958212850636,-0.11177060454883517
-1.3059216203617623,-0.05194241797473302
-1.3075879286099563,0.008032269961527838
-1.3064915834381514,0.06802607875747677
-1.3026353045093373,0.1279116927338385
-1.2960276782197644,0.18756213258227214
-1.2866831296868626,0.24685102543162396
-1.274621882361489,0.30565287286516535
-1.2598699054046787,0.36384331632936595
-1.2424588489935378,0.42129939938385486
-1.2224259677448237,0.47789982625232164
-1.1998140324680777,0.5335252161451702
-1.1746712304828628,0.5880583528367324
-1.1470510547566992,0.6413844289927364
-1.1170121821416439,0.6933912847574815
-1.0846183410080976,0.7439696401247531
-1.0499381685943332,0.7930133206318883
-1.0130450584093829,0.8404194759325391
-0.9740169980452947,0.886088790820536
-0.9329363977723439,0.9299256882948
-0.889889910307553,0.9718385242734429
-0.8449682421628318,1.011739773584011
-0.7982659569941827,1.0495462068762236
-0.7498812713877305,1.0851790581235061
-0.6999158435318373,1.1185641824001096
-0.64847455523725,1.1496322036415954
-0.5956652877791213,1.1783186521179665
-0.5415986920458454,1.204564091370712
-0.48638795348996616,1.228314234387525
-0.43014855238595134,1.2495200488114617
-0.3729980199083676,1.2681378510048595
-0.315055690551918,1.2841293888124619
-0.2564424514219057,1.2974619128929463
-0.19728048892995312,1.308108236513507
-0.13769303343533193,1.3160467837284053
-0.07780410237725491,1.3212616258897245
-0.01773824244847564,1.3237425064674149
0.042379728633577265,1.3234848541870463
0.10242498019374718,1.3204897845292167
0.16227292592764503,1.3147640896772006
0.2217994798974516,1.3063202170535486
0.2808813105771472,1.2951762366577908
0.33939609230208395,1.2813557975125986
0.3972227534535535,1.2648880736498838
0.45424172069839464,1.2458077002225634
0.51033515861854,1.2241547005071525
0.565387204111179,1.1999744047571528
0.6192841950058017,1.1733173620705268
0.6719148923949257,1.144239246658081
0.7231706961580477,1.1128007601919383
0.7729458530306296,1.0790675323678496
0.82113765635057,1.043110022547875
0.8676466364471952,1.0050034264285803
0.912376740846968,0.9648275929914522
0.955235504596641,0.92266695803902
0.9961342138112149,0.8786105002223789
1.034988070965421,0.832751721353391
1.0717163792776,0.7851886411779312
1.106242775664115,0.7360237723661885
1.1384955542758046,0.6853639991270242
1.1684081269754403,0.6333202230919096
1.1959196467303213,0.580006579896247
1.220975753911897,0.5255390149354358
1.2435292855971611,0.4700331096440417
1.2635406476413578,0.41360132901076674
1.2809774805847116,0.3563502798735849
1.2958133649906107,0.2983789373271234
1.3080256394797294,0.2397788517993955
1.3175928208905163,0.18063700475640182
1.3244924322267098,0.12104147064172055
1.3287002151778167,0.061089507873128494
1.3301917430223094,0.000896410592462954
1.3289468478274826,-0.05939929963658837
1.3249553121953277,-0.1196399520906711
1.3182204029445663,-0.17966195455014367
1.3087582014185353,-0.23930957018112017
1.2965942667264934,-0.2984411708691125
1.2817604403046567,-0.356928003198125
1.2642930901304108,-0.41465006311874664
1.2442325691130833,-0.47149247406422157
1.2216232642786997,-0.5273433316082436
1.196513807573244,-0.5820927495263665
1.1689572604662397,-0.6356326174972565
1.1390112206959613,-0.6878567089377801
1.1067378532073326,-0.7386609340727589
1.0722038614194602,-0.7879436376098656
1.0354804147043968,-0.8356058968954558
0.9966430441440465,-0.8815518037684325
0.9557715149038255,-0.9256887254421703
0.9129496807759714,-0.9679275445772564
0.8682653245648747,-1.0081828802894361
0.8218099867759745,-1.0463732920753228
0.7736787843081024,-1.0824214683898856
0.7239702203755094,-1.1162544012375124
0.6727859865929433,-1.1478035477828876
0.6202307579767472,-1.1770049796933582
0.5664119815043461,-1.2037995206964536
0.511439658807257,-1.2281328726666443
0.45542612353252954,-1.2499557304328504
0.3984858138841308,-1.269223885411897
0.3407350408428786,-1.2858983181141217
0.2822917525571019,-1.2999452795287607
0.22327529539370478,-1.3113363613732816
0.16380617213911072,-1.3200485551786272
0.10400579784059096,-1.326064300178466
0.04399625378004644,-1.3293715199729026
-0.01609995992605552,-1.3299636479441193
-0.07616017260549343,-1.327839641411928
-0.1360617916918152,-1.323003984530358
-0.19568255127219142,-1.3154666799415242
-0.254900760025566,-1.3052432292196396
-0.313595548056193,-1.2923546021557697
-0.3716471121295782,-1.2768271949524734
-0.42893695882062666,-1.258692777416627
-0.48534814508744806,-1.2379884292582788
-0.5407655157888106,-1.2147564656232013
-0.5950759376686611,-1.1890443520067533
-0.6481685293374637,-1.1609046087166495
-0.6999348867873311,-1.130394705072157
-0.7502693039860437,-1.0975769435470253
-0.7990689881040659,-1.0625183340830366
-0.8462342689385498,-1.0252904588203717
-0.8916688021090807,-0.9859693275099695
-0.9352797656115259,-0.9446352238916585
-0.976978049328805,-0.9013725433400085
-1.016678437110674,-0.8562696220975331
-1.0542997810486932,-0.8094185584320475
-1.0897651675874158,-0.7609150260715724
-1.1230020751284537,-0.7108580802861668
-1.1539425228004332,-0.6593499570014094
-1.182523210084924,-0.606495865342896
-1.2086856470061689,-0.5524037740250514
-1.2323762746108409,-0.4971841920107182
-1.2535465754830664,-0.44094994388036335
-1.2721531740595582,-0.38381594036129274
-1.288157926529852,-0.3258989444779597
-1.3015280001273,-0.26731733379426736
-1.3122359416376173,-0.20819085922766184
-1.3202597349733456,-0.14864040092278066
-1.3255828476845688,-0.08878772167942028
-1.3281942662985253,-0.028755218435609978
-1.328088520403388,0.03133432768840304
-1.325265695414365,0.09135800227545482
-1.3197314339833672,0.15119300891328585
-1.3114969260367604,0.21071692039820117
-1.300578887449091,0.2698079293250373
-1.2869995273841333,0.3283450975481148
-1.270786504358073,0.386208603999148
-1.2519728711030766,0.4432799903504496
-1.230597008332857,0.49944240401521656
-1.2067025475350648,0.5545808379812078
-1.1803382829383735,0.6085823669797257
-1.1515580728249324,0.6613363794984759
-1.1204207303813796,0.712734805154606
-1.0869899043037947,0.7626723369529874
-1.0513339493937772,0.8110466479646062
-1.0135257874042156,0.8577586019707332
-0.9736427584142233,0.9027124576303511
-0.9317664630331149,0.9458160657410879
-0.887982595753146,0.98698105917763
-0.8423807697900082,1.0261230351062414
-0.7950543337687236,1.0631617290895634
-0.7461001806305982,1.098021180712308
-0.6956185491542504,1.1306298903757495
-0.6437128185004045,1.1609209669270637
-0.5904892962061264,1.188832265808539
-0.5360570000694463,1.2143065174314915
-0.48052743437986223,1.2372914455003652
-0.4240143609640008,1.2577398750339883
-0.36663356552871246,1.27560982985332
-0.30850261979602833,1.29086461932828
-0.24974063993568418,1.3034729142004382
-0.19046804181128066,1.313408811323524
-0.1308062935656744,1.3206518871899795
-0.07087766608011892,1.3251872401393787
-0.010804981850516558,1.3270055211739453
0.049288637166103176,1.3261029533386084
0.10928002216963667,1.3224813396598922
0.16904621001790943,1.316148059682531
0.22846469500688976,1.3071160546997063
0.28741367929814066,1.2954038018483678
0.3457723213300181,1.2810352773418792
0.4034209815215503,1.2640399092432846
0.460241464565886,1.2444525203443975
0.5161172576258473,1.2223132619026615
0.5709337637919877,1.1976675391886056
0.624578530229532,1.170565930005381
0.6769414704851691,1.1410640975736581
0.7279150803909018,1.109222699486184
0.7773946468473791,1.075107294930021
0.825278448520377,1.038788253174785
0.8714679473036064,1.0003406674978272
0.9158679696423041,0.9598442801274799
0.9583868780540342,0.9173834248800542
0.9989367362362211,0.8730469936544986
1.037433476992191,0.8269284283605001
1.073797091682658,0.7791257270836801
1.1079518728073412,0.7297414266460583
1.1398267543345213,0.6788824778924102
1.1693557979522102,0.6266598662827776
1.1964788494480096,0.5731877684271983
1.2211423160190806,0.5185820260571661
1.2432998859578324,0.4629578404110736
1.2629128672123193,0.4064268989864016
1.2799497624192704,0.3490945900361023
1.2943848394874946,0.29105832245546465
1.3061958149627262,0.23240797955423556
1.3153611950232844,0.17322914202939824
1.3218581250363621,0.11360920496366561
1.3256617684239103,0.05364598116468081
1.3267472748940954,-0.006543106336205043
1.3250946682038667,-0.06681624428619459
1.3206947548229704,-0.12701272868871474
1.3135523453040703,-0.18696760834108844
1.3036850157284658,-0.24652559573848293
1.2911194450637058,-0.30554640080446815
1.2758882396401598,-0.36390260911458866
1.2580283361603792,-0.42147518718134996
1.2375805937566973,-0.47814985817238354
1.21458991395318,-0.5338150640611077
1.1891054778452195,-0.58836112406774
1.1611809354242377,-0.6416800687240495
1.1308745089656695,-0.6936657928448996
1.0982490186294362,-0.7442143336227031
1.0633718485929085,-0.7932241819052641
1.026314870127246,-0.8405965878832611
0.9871543336348845,-0.8862358473692376
0.9459707377935129,-0.9300495655469606
0.902848681171848,-0.9719488991299475
0.8578766998462257,-1.0118487790466661
0.8111470933810583,-1.049668115804149
0.7627557408100105,-1.0853299893326496
0.7128019078066672,-1.1187618246936974
0.6613880459582692,-1.1498955546565925
0.6086195848876854,-1.1786677698449688
0.554604717866274,-1.2050198569244217
0.49945418149848597,-1.228898125132866
0.4432810300224996,-1.250253921334216
0.3862004047502382,-1.2690437336916098
0.32832929915885745,-1.2852292839994506
0.2697863201404187,-1.298777608676941
0.21069144591463046,-1.3096611284041808
0.1511657811096902,-1.3178577063714143
0.09133130951742482,-1.3233506951097271
0.0313106450304461,-1.3261289718753284
-0.028773218729510677,-1.326186962567921
-0.08879715958180245,-1.3235246541754409
-0.14863817824484366,-1.3181475957517625
-0.2081736495711517,-1.3100668879501884
-0.2672815730497092,-1.2992991611531723
-0.32584082206761955,-1.2858665422574038
-0.38373139142564133,-1.2697966101928109
-0.4408346426056918,-1.2511223402739897
-0.49703354629284047,-1.2298820375028627
-0.5522129216596552,-1.2061192589618557
-0.6062596719270441,-1.179882725457439
-0.6590630157229379,-1.1512262225943977
-0.7105147137682841,-1.1202084914815909
-0.7605092904288641,-1.0868931092901595
-0.808944249681387,-1.051348359905055
-0.8557202850531519,-1.013647094930353
-0.9007414831062752,-0.9738665853280121
-0.9439155200500551,-0.9320883639884796
-0.9851538510784484,-0.8883980595498094
-1.0243718920438647,-0.8428852217996635
-1.0614891930935033,-0.7956431390117
-1.096429603910254,-0.7467686475843515
-1.1291214302167192,-0.6963619343658315
-1.1594975812181718,-0.6445263320643374
-1.1874957076782013,-0.5913681081568056
-1.2130583303394071,-0.5369962477231907
-1.2361329584207081,-0.4815222306460433
-1.2566721979426567,-0.4250598036271285
-1.2746338496525016,-0.3677247474839185
-1.2899809963416216,-0.3096346401989975
-1.3026820793693068,-0.2509086162046845
-1.3127109642286505,-0.19166712239350864
-1.3200469950124956,-0.13203167135252553
-1.3246750376599141,-0.07212459232582397
-1.326585511886536,-0.012068780414923472
-1.3257744117251422,0.04801255546891388
-1.3222433146262544,0.10799614538315411
-1.3159993790919302,0.16775891134371765
-1.3070553308395776,0.22717822000527438
-1.29542943751627,0.28613213451133557
-1.281145472007735,0.3444996649943678
-1.2642326644098483,0.40216101720822645
-1.244725642754045,0.45899783877836986
-1.222664362601515,0.5148934625595553
-1.1980940256443093,0.5697331465960334
-1.171064987474527,0.6234043101856488
-1.1416326547055085,0.6757967655566973
-1.1098573716513869,0.7268029446748854
-1.0758042967933974,0.7763181207072637
-1.0395432692829756,0.8242406236805467
-1.0011486657528297,0.8704720498827667
-0.9606992477278266,0.9149174645697185
-0.9182779999476345,0.9574855975511123
-0.8739719599325814,0.9980890312457404
-0.8278720391430983,1.0366443808102457
-0.7800728361013801,1.073072465962251
-0.7306724418614935,1.1072984741356275
-0.6797722382310833,1.1392521146235342
-0.6274766891640429,1.1688677633835447
-0.5738931257590203,1.1960845981986605
-0.5191315253134137,1.220846723908316
-0.4633042848965363,1.243103287444592
-0.4065259899188931,1.262808582430808
-0.34891317818695333,1.279922143122459
-0.2905840999443914,1.2944088274941485
-0.23165847441145937,1.3062388893007757
-0.17225724334394554,1.3153880389668329
-0.11250232214217888,1.3218374931843995
-0.05251634904906628,1.3255740131285592
0.007577567015137378,1.3265899312291576
0.06765609942360279,1.324883166471243
0.1275959570485738,1.3204572282354001
0.18727413711349816,1.313321208737039
0.2465681770794319,1.3034897641857153
0.30535640492408916,1.2909830848681654
0.3635181871409338,1.27582685446837
0.4209341737618887,1.258052199078606
0.47748653970289084,1.2376956265257515
0.5330592217575061,1.2147989568291735
0.5875381506200159,1.1894092448096591
0.6408114773841544,1.1615786960813514
0.6927697939903974,1.1313645779065955
0.7433063470264166,1.0988291267480699
0.7923172440943751,1.0640394549279917
0.8397016517071796,1.0270674597172122
0.8853619835799023,0.9879897394492956
0.9292040786627899,0.9468875226489541
0.9711373699697511,0.9038466169387657
1.0110750490652172,0.8589573830402133
1.048934237968812,0.8123147325819636
1.0846361908764557,0.7640181320217502
1.1181065615858432,0.7141715628646149
1.1492757839696337,0.6628833363393442
1.17807961014213,0.6102655942637114
1.2044598138452955,0.5564332753151082
1.2283649750846035,0.5015023485511263
1.249751120780676,0.44558729255456675
1.2685818650095932,0.3887981618419805
1.2848276856207945,0.33123802935502045
1.29846418823339,0.27300187154905337
1.309469609928771,0.21417783672255206
1.317822220203403,0.1548513684845635
1.3234985315712566,0.09511216456830247
1.3264733766411168,0.035063269817113496
1.326722816703692,-0.025170437457569826
1.3242296662325235,-0.08544019211453371
1.3189889502727312,-0.14558228560762163
1.3110097397912992,-0.20543366418522535
1.3003128317028094,-0.264843578609134
1.2869269992984531,-0.32367614836729586
1.2708862881646312,-0.3818070024597284
1.2522288597222153,-0.4391188633504118
1.230996806471676,-0.4954984239903549
1.2072363362949117,-0.5508347409347377
1.1809980030615546,-0.6050186507785371
1.1523368694500455,-0.6579427310543322
1.1213125841280493,-0.7095015055229298
1.0879893867752692,-0.759591738204417
1.052436059234588,-0.8081127448036872
1.0147258378459914,-0.8549666926356587
0.9749362976548641,-0.9000588795570713
0.9331492156554473,-0.9432979904815637
0.8894504177752071,-0.9845963329567342
0.8439296127077256,-1.023870053990109
0.7966802146939582,-1.0610393401792564
0.7477991567260202,-1.096028602813134
0.6973866952621065,-1.1287666492003052
0.6455462073045062,-1.1591868411254866
0.5923839805479769,-1.1872272410567495
0.5380089972178299,-1.2128307465159445
0.4825327121642828,-1.235945212872184
0.4260688257486267,-1.256523564709779
0.368733052039242,-1.274523895847106
0.31064288282631497,-1.2899095580329
0.25191734795998727,-1.302649238314994
0.19267677251554388,-1.3127170250586664
0.13304253128977067,-1.3200924625840362
0.07313680113392484,-1.3247605943916612
0.013082311630290382,-1.3267119949508148
-0.04699790537934643,-1.3259427900343639
-0.10698076690401906,-1.322454665596732
-0.1667433900430599,-1.316254865206322
-0.22616334284544556,-1.3073561760603942
-0.2851188942808512,-1.2957769036283087
-0.3434892628162307,-1.2815408349879074
-0.4011548630945917,-1.2646771909393468
-0.45799755021638333,-1.2452205670007033
-0.5139008611285844,-1.2232108634099703
-0.5687502526321635,-1.1986932042785317
-0.6224333355250998,-1.1717178460616833
-0.6748401044055865,-1.1423400755322208
-0.7258631626683925,-1.1106200974633957
-0.7753979422366204,-1.0766229122476183
-0.82334291758126,-1.0404181836970654
-0.8695998135919756,-1.0020800972917874
-0.9140738068744866,-0.9616872091599378
-0.9566737200626595,-0.9193222860933247
-0.9973122087470309,-0.8750721369195493
-1.0359059406358857,-0.8290274355695195
-1.0723757665802172,-0.7812825361960462
-1.1066468831098464,-0.7319352807155265
-1.1386489861446838,-0.6810867991603293
-1.1683164155625134,-0.628841303244404
-1.1955882903227655,-0.575305873558792
-1.2204086338644762,-0.5205902408270919
-1.242726489515969,-0.46480656166349554
-1.2624960256737257,-0.40806918928772135
-1.27967663052837,-0.35049443966201654
-1.2942329961366659,-0.292200353525337
-1.3061351916598614,-0.23330645480882278
-1.3153587256105763,-0.17393350592474477
-1.3218845969726722,-0.11420326042818245
-1.3256993350811286,-0.0542382135567754
-1.3267950281718288,0.005838648841031545
-1.325169340534289,0.06590410247478928
-1.3208255182236919,0.12583493736043466
-1.3137723833120794,0.18550821062886913
-1.30402431668215,0.2448014988744541
-1.2916012293907593,0.3035931495233497
-1.2765285226528835,0.3617625307029028
-1.258837036520423,0.4191902790956524
-1.23856298735375,0.47575854526496375
-1.215747894207291,0.5313512359438234
-1.1904384942736164,0.5858542527839263
-1.1626866475534658,0.6391557270688486
-1.1325492309417868,0.6911462499028178
-1.100088021942178,0.7417190973953562
-1.0653695722440555,0.7907704503718634
-1.028465071418348,0.8381996081510006
-0.9894502010085461,0.8839091959415305
-0.948404979314418,0.9278053654240254
-0.9054135971856538,0.9697979880965512
-0.8605642451620408,1.0098008409780619
-0.813948932315505,1.0477317842787521
-0.7656632971674358,1.0835129306630051
-0.7158064110721203,1.1170708057478127
-0.6644805744738468,1.1483364994976153
-0.6117911064612553,1.1772458081954016
-0.5578461280578297,1.2037393666896083
-0.5027563397020031,1.227762770636881
-0.4466347933841741,1.2492666884820893
-0.38959665992097836,1.2682069629391728
-0.33175899185937346,1.2845447017594254
-0.27324048251445054,1.2982463575977672
-0.21416122165532586,1.3092837968124214
-0.15464244836303373,1.3176343570593203
-0.09480630159318451,1.3232808935696516
-0.03477556898466752,1.326211814027612
0.025326565535337256,1.3264211019964063
0.08537677478905442,1.3239083288752713
0.14525184145334286,1.3186786544113742
0.20482891063783126,1.3107428158418468
0.26398574131566127,1.3001171058085992
0.3226009559560184,1.2868233392785104
0.38055428767762156,1.2708888098201434
0.4377268242228833,1.252346235737965
0.4940012480561767,1.231233696742858
0.5492620719253156,1.2075945620340558
0.6033958692874918,1.1814774108728507
0.6562914990602627,1.1529359469468787
0.7078403241624951,1.122028908093476
0.7579364232058509,1.0888199733569346
0.8064767944763996,1.0533776700190873
0.8533615511093583,1.015775284267108
0.8984941063800671,0.9760907805123186
0.94178134879791,0.9344067356930796
0.9831338089169975,0.890810295230798
1.0224658243953844,0.8453931547179149
1.0596957178022806,0.7982515624861992
1.0947460133642615,0.7494863177932352
1.1275437325010564,0.6992027015843376
1.1580208169397181,0.6475102192085758
1.1861147177324192,0.5945219678044306
1.2117691369381762,0.5403534028978048
1.2349348001273386,0.48512033894614975
1.2555699903750974,0.4289362511960786
1.273640466732594,0.37190935269417946
1.2891184423198419,0.31414034805124125
1.3019805780274418,0.2557219402117434
1.3122053730020773,0.19674091535324165
1.3197707019419005,0.1372831238248766
1.3246524612627895,0.07744119397303233
1.3268254022908275,0.017323875267735496
1.3262669309775663,-0.04293667047243431
1.3229629997050054,-0.10318586803833692
1.3169127974598938,-0.16325855986787433
1.3081292207647182,-0.22299450806458493
1.2966357898149985,-0.28224745140284857
1.2824630373831951,-0.34088537678164343
1.2656462839635636,-0.3987864277473038
1.246224841958341,-0.45583474976942956
1.2242419904523605,-0.5119178452820338
1.1997451949687206,-0.5669253261686149
1.1727863239227059,-0.6207485327362705
1.143421785880261,-0.6732805901697925
1.1117125836018347,-0.7244166513873507
1.0777243013882838,-0.7740542011420868
1.0415270434438988,-0.8220933659154979
1.0031953370012126,-0.8684372081640948
0.9628080097451819,-0.912991998624362
0.9204480478690759,-0.9556674664691661
0.8762024389205196,-0.9963770291498883
0.8301620021976887,-1.0350380041242098
0.7824212085789266,-1.0715718044225315
0.7330779911262769,-1.1059041195959782
0.6822335474694055,-1.137965083189834
0.6299921347716108,-1.16768942755383
0.5764608579545827,-1.1950166265430604
0.5217494517828204,-1.2198910264717076
0.4659700573633632,-1.2422619655433182
0.4092369935901589,-1.2620838818838294
0.35166652404777504,-1.2793164102367602
0.2933766198817511,-1.293924467336052
0.2344867191398305,-1.3058783259450144
0.17511748308779135,-1.3151536775353003
0.1153905500044288,-1.321731683574526
0.0554282869616702,-1.325599015392722
-0.004646459902681144,-1.32674788260445
-0.06471061611081391,-1.3251760500739045
-0.12464113005983936,-1.3208868434236303
-0.18431522421607527,-1.3138891431029591
-0.24361064577954772,-1.304197367049311
-0.30240591631095254,-1.2918314419937411
-0.3605805798155487,-1.2768167634812095
-0.4180154487815737,-1.2591841446957501
-0.4745928476747895,-1.2389697542008355
-0.5301968533957097,-1.2162150427256004
-0.5847135322119215,-1.1909666591480694
-0.6380311726847037,-1.1632763558470363
-0.6900405141168542,-1.1332008836146417
-0.7406349700572638,-1.1008018763419394
-0.7897108464073056,-1.0661457257097386
-0.837167553684537,-1.0293034461366974
-0.8829078130105154,-0.9903505302559701
-0.9268378554017005,-0.9493667952106144
-0.9688676139554362,-0.9064362200763989
-1.0089109085368426,-0.8616467747385615
-1.046885622587103,-0.8150902405664274
-1.0827138716890565,-0.7668620232465295
-1.1163221635421903,-0.7170609581509831
-1.1476415490160425,-0.6657891086332666
-1.1766077639686365,-0.6131515576582566
-1.2031613615348493,-0.5592561931872934
-1.2272478346085398,-0.5042134877521907
-1.2488177282617803,-0.4481362726644205
-1.267826741864632,-0.3911395073171621
-1.2842358206895235,-0.33334004404848255
-1.2980112368054115,-0.2748563890435817
-1.3091246590884715,-0.21580845976276497
-1.3175532121980498,-0.15631733938957884
-1.3232795243889612,-0.09650502880033104
-1.326291764053898,-0.03649419656200767
-1.3265836649126752,0.023592072529633724
-1.3241545397882373,0.08363052985628266
-1.3190092829327367,0.1434980158094079
-1.311158360890521,0.20307171252888256
-1.300617791908489,0.2622293960275244
-1.2874091139279322,0.3208496871816966
-1.2715593412156438,0.3788123010697154
-1.2531009097156662,0.43599829414249336
-1.2320716112265475,0.4922903087146151
-1.208514516532306,0.5475728142688843
-1.1824778876384294,0.6017323450732963
-1.1540150792871027,0.6546577336163721
-1.1231844299484144,0.7062403393748197
-1.0900491425065024,0.7563742724365617
-1.0546771548813965,0.8049566115122603
-1.0171410008486725,0.851887615879567
-0.9775176613398986,0.8970709308164085
-0.9358884065271879,0.940413786092658
-0.8923386290149414,0.9818271871035207
-0.846957668481033,1.021226098242856
-0.7998386281282275,1.0585296181304344
-0.7510781833245083,1.093661146323775
-0.7007763828282042,1.1265485411626992
-0.649036443010321,1.157124268413052
-0.5959645355023037,1.1853255403951786
-0.5416695687125443,1.2110944453026877
-0.48626296366931615,1.2343780664377955
-0.4298584246614043,1.2551285911111256
-0.3725717051605123,1.273303408976279
-0.31452036952148626,1.2888651995927785
-0.25582355096747955,1.3017820090352126
-0.1966017063773591,1.312027315391562
-0.13697636840197908,1.3195800830199291
-0.07706989544463574,1.324424805460393
-0.017005220049568538,1.3265515369279481
0.043094403748290835,1.32595591234438
0.10310565354756487,1.3226391559032218
0.16290539159834835,1.3166080782055698
0.2223709171122067,1.3078750620600261
0.2813802172352667,1.2964580371133885
0.33981221602427525,1.2823804435765875
0.3975470207373746,1.26567118543812
0.4544661647374369,1.2463645737159896
0.5104528463184811,1.2245002604836401
0.5653921628107003,1.2001231646050443
0.6191713393851823,1.1732833903216806
0.6716799520286186,1.1440361400617662
0.7228101441351152,1.1124416231411773
0.7724568360206046,1.0785649624948799
0.8205179264225771,1.042476102341498
0.8668944848498086,1.0042497208181984
0.9114909338256822,0.9639651530216837
0.9542152211797282,0.9217063310546448
0.9949789853726104,0.8775617474067797
1.0336977223572141,0.8316244439674709
1.0702909715641529,0.7839920172475908
1.1046825512144534,0.7347666054191092
1.1368008864336059,0.6840547790460478
1.1665794787739576,0.6319671950568565
1.1939575455223053,0.578617809829447
1.218880789514402,0.5241224297418585
1.2413021357694154,0.4685964824389439
1.2611821244682397,0.41215218178299245
1.2784885768560397,0.3548956958686086
1.293195268793252,0.29692531019927565
1.3052796868719663,0.23833163222652856
1.31472037192791,0.17920052257452956
1.3214946773416931,0.11961892417514794
1.3255779480901553,0.05968325069537555
1.3269451909111494,-0.0004913343196096612
1.3255757011202514,-0.060765417763568946
1.321459014702638,-0.12097967946267812
1.3145985347436517,-0.18096893995783125
1.3050107037758647,-0.24057658978153915
1.2927214468790336,-0.29966085633207584
1.2777628699440349,-0.3580932172934949
1.2601715094076946,-0.4157539646971628
1.2399878352879365,-0.4725284398377648
1.2172563395912335,-0.5283048496085689
1.19202577076264,-0.5829733303338702
1.164349329921064,-0.6364257323116271
1.1342847823847015,-0.6885557506334729
1.1018944900186545,-0.7392591951487099
1.067245382392063,-0.7884343000175236
1.0304088834891802,-0.8359820302761165
0.9914608064037035,-0.8818063698588285
0.9504812244890734,-0.9258145872311059
0.907554324556692,-0.9679174793093314
0.8627682457985961,-1.0080295957195895
0.8162149068907266,-1.0460694455580575
0.7679898229714431,-1.0819596884904759
0.7181919137195338,-1.1156273116105473
0.6669233034668594,-1.1470037930949468
0.6142891141036956,-1.1760252533826043
0.5603972514269178,-1.202632594369058
0.5053581855159996,-1.2267716269321691
0.44928472568311273,-1.2483931869803377
0.392291790521342,-1.267453240126867
0.33449617356293515,-1.2839129750348264
0.27601630505361474,-1.297738885438373
0.21697201034683383,-1.3089028408235621
0.1574842654218338,-1.3173821457401653
0.097674950030439,-1.323159587712958
0.037666598979019486,-1.326223473724167
-0.022417847946476888,-1.3265676552466719
-0.082455296903379,-1.3241915418189594
-0.1423227512533737,-1.3191001031668468
-0.2018975626522005,-1.3113038598929756
-0.2610576814591522,-1.300818862772511
-0.3196819059592013,-1.2876666607120006
-0.37765012989305935,-1.2718742574476447
-0.4348435877938597,-1.2534740570790701
-0.49114509763344655,-1.2325037985549097
-0.5464393002864651,-1.2090064792469013
-0.6006128953265845,-1.1830302677697198
-0.6535548726762476,-1.1546284062242325
-0.7051567396393235,-1.123859102062235
-0.7553127428549303,-1.0907854097908967
-0.8039200847204978,-1.0554751027550584
-0.850879133842822,-1.0180005352551142
-0.8960936290874333,-0.9784384952774119
-0.9394708768090176,-0.9368700481328793
-0.9809219408588961,-0.8933803713178667
-1.020361824979652,-0.8480585809289467
-1.057709647211876,-0.800997549980589
-1.0928888059536523,-0.7522937189911857
-1.1258271373298128,-0.7020468992187974
-1.1564570635451124,-0.6503600689431945
-1.1847157319132864,-0.597339163205235
-1.2105451442724269,-0.5430928574283193
-1.233892276516218,-0.48773234535956217
-1.2547091879902634,-0.4313711117803849
-1.272953120522991,-0.3741247004474341
-1.288586586881391,-0.3161104777350436
-1.301577448463105,-0.2574473924598482
-1.3118989820580702,-0.19825573237660574
-1.3195299355350287,-0.13865687784176822
-1.32445457233066,-0.07877305314783659
-1.326662704641865,-0.01872707603702181
-1.3261497152447663,0.04135789409279966
-1.3229165678872452,0.10135860877342609
-1.3169698062252717,0.16115198332418063
-1.3083215412968412,0.22061534946218023
-1.2969894275509697,0.2796267071446926
-1.2829966274728657,0.33806497512408995
-1.26637176487004,0.3958102396978319
-1.247148866907689,0.4527440011389125
-1.2253672950051322,0.50874941729629
-1.2010716647283703,0.5637115438599815
-1.1743117548368716,0.6175175707917323
-1.1451424056654884,0.6700570544294675
-1.1136234070448565,0.7212221447820673
-1.079819375985721,0.7709078075403873
-1.0437996243743137,0.819012040340836
-1.0056380169471104,0.8654360828292089
-0.9654128198340194,0.9100846200848521
-0.9232065399792173,0.9528659789785399
-0.8791057557684449,0.9936923170517107
-0.8332009392105595,1.032479803519856
-0.7855862700394923,1.0691487920188956
-0.7363594421204411,1.1036239847302722
-0.6856214625611435,1.1358345875382294
-0.633476443945385,1.1657144558913013
-0.580031390121502,1.1932022310594133
-0.525395975993516,1.2182414664981795
-0.4696823217766778,1.2407807440529872
-0.4130047621925587,1.2607737797572873
-0.35547961109139403,1.2781795190022012
-0.2972249220010865,1.2929622208781113
-0.2383602451130945,1.3050915315133982
-0.17900638122534368,1.3145425462609441
-0.11928513317140471,1.3212958606096117
-0.05931905527375957,1.3253376097258498
0.0007687986323576118,1.3266594965604803
0.060855128048233176,1.3252588084886865
0.12081663896520885,1.3211384224893097
0.18053029673651433,1.3143067989161614
0.23987357805830917,1.3047779639741472
0.2987247214219194,1.2925714810929207
0.3569629753680831,1.2777124114970724
0.4144688438487804,1.2602312644089235
0.4711243279949955,1.2401639374872189
0.5268131636109749,1.2175516482951636
0.5814210537689108,1.1924408577935326
0.6348358959436936,1.1648831870653933
0.6869480031613593,1.134935328720235
0.7376503185798038,1.1026589547624834
0.7868386227424855,1.0681206232531475
0.8344117324936643,1.0313916869638733
0.8802716904130209,0.9925482084593226
0.9243239440136917,0.9516708874494234
0.9664775154752169,0.908845007158916
1.006645166202907,0.8641604053850925
1.0447435670038856,0.8177114700990409
1.080693494882295,0.7695971444421497
1.1144200907636175,0.7199208959257979
1.145853224593248,0.6687905548923574
1.1749280140603071,0.616317861634259
1.201585511159325,0.5626175050125874
1.2257734860172378,0.5078054454901785
1.2474471000389291,0.45199647118157205
1.2665691230093308,0.39530127951561844
1.283109321632001,0.3378238253957322
1.2970428344848655,0.2796599883902036
1.3083477356757873,0.22089853589093397
1.3170024049379236,0.16162491434352702
1.3229835950818123,0.10192790138783031
1.3262662410964348,0.04190853790319648
1.326826020132156,-0.01831107057614493
1.324644665364944,-0.07858463764529326
1.319715629834929,-0.13874940247182224
1.3120464425534886,-0.19864149208876913
1.301656757161609,-0.2581084650247774
1.288574606169936,-0.31701285833655346
1.2728335183109318,-0.3752292284384156
1.2544712069641537,-0.43263968193725477
1.233529309932859,-0.48913056814788763
1.2100535532905219,-0.5445907204195095
1.1840939853129862,-0.5989107832970122
1.1557051490017807,-0.6519831299569416
1.124946168610644,-0.7037020497141468
1.091880761955448,-0.7539640367212836
1.0565771968675797,-0.8026681014419046
1.0191082073402773,-0.8497160726249383
0.9795508805294203,-0.8950128788130634
0.9379865221155159,-0.9384668073849529
0.8945005049637597,-0.9799897424284981
0.8491821043373485,-1.0194973836106782
0.8021243218560621,-1.056909448134404
0.753423699731239,-1.0921498574975226
0.7031801264007829,-1.1251469103544032
0.6514966344376362,-1.1558334424181587
0.5984791914521099,-1.1841469740538884
0.5442364846153726,-1.2100298459962275
0.48887969937541953,-1.233429343465915
0.4325222929038518,-1.254297808847192
0.37527976279305664,-1.2725927430095791
0.31726941151345267,-1.288276895305123
